Ile-GAT	0.20	0.10	0.45	0.30	0.21	0.25	46
Lys-TTT	2.54	1.16	1.29	1.96	1.42	1.67	30
tRX-Pro	1.36	0.68	0.97	0.86	0.82	0.94	25
Gly-TCC	1.40	1.38	1.42	2.42	1.71	1.67	24
tRX-Trp	0.53	1.03	0.72	0.92	0.73	0.79	22
tRX-Glu	1.41	1.27	1.05	0.73	0.96	1.08	22
tRX-Ser	1.14	0.95	0.67	0.74	0.74	0.85	20
Pro-GGG	1.60	0.83	1.27	1.21	1.26	1.23	20
tRX-Ile	0.48	0.40	0.70	0.61	0.59	0.56	19
tRX-Asp	1.22	1.19	1.26	0.83	0.82	1.06	19
tRX-Phe	1.27	1.11	1.38	0.85	0.94	1.11	18
Leu-CAG	1.85	2.46	1.79	2.79	2.24	2.23	17
tRX-Tyr	1.24	0.77	1.22	1.13	1.12	1.09	16
Ser-CGA	1.15	1.03	1.10	1.40	0.89	1.11	15
tRX-Met	1.08	1.17	0.82	0.81	1.03	0.98	14
Ser-ACT	1.07	0.84	0.82	0.73	1.00	0.89	14
Glu-CTC	1.74	2.04	1.67	2.41	1.98	1.97	13
Asp-GTC	1.30	1.44	1.30	1.82	1.62	1.50	13
tRX-Leu	1.17	1.30	1.17	0.93	1.03	1.12	12
tRX-Gly	1.46	1.04	1.21	1.19	1.13	1.21	12
tRX-Gln	1.29	1.11	1.08	0.91	0.99	1.07	12
Val-TAC	1.39	1.12	1.04	1.28	1.03	1.17	12
Ser-TGA	1.52	1.23	1.27	1.46	1.08	1.31	12
Gly-GCC	1.62	1.84	1.65	2.22	1.84	1.84	12
Cys-ACA	0.98	1.09	1.23	0.84	1.12	1.05	12
Pro-CGG	1.27	1.00	1.15	1.03	0.96	1.08	11
Asn-ATT	1.15	1.26	1.25	0.97	0.99	1.12	11
Ala-TGC	1.13	1.25	1.19	0.96	0.95	1.10	11
Ala-CGC	1.27	0.96	1.05	0.97	0.98	1.05	11
tRX-Asn	0.83	0.75	0.75	0.89	0.95	0.84	10
tRX-Ala	1.22	1.04	1.12	0.93	0.98	1.06	10
Tyr-ATA	0.97	1.17	0.95	1.08	1.23	1.08	10
Thr-TGT	1.22	1.30	1.05	0.99	1.12	1.14	10
Sup-TTA	0.98	1.10	1.10	1.09	0.83	1.02	10
Leu-TAG	1.09	1.05	1.31	1.03	1.00	1.10	10
Leu-TAA	0.97	1.28	1.12	1.03	1.02	1.08	10
Gly-CCC	1.87	1.58	1.60	1.46	1.42	1.59	10
tRX-Arg	1.30	1.06	1.16	1.09	1.31	1.18	9
Ile-TAT	1.24	1.11	1.15	1.00	0.97	1.09	9
Ile-AAT	1.20	1.02	0.97	1.17	0.99	1.07	9
Arg-TCG	1.01	1.10	1.21	1.28	1.06	1.13	9
SeC-TCA	1.23	1.05	1.09	1.18	0.97	1.10	8
His-GTG	1.21	1.04	1.08	0.96	1.01	1.06	8
Arg-TCT	1.11	1.06	0.97	1.15	0.94	1.05	8
tRX-Val	0.85	1.01	1.01	1.05	1.03	0.99	7
Ser-GCT	1.28	1.15	1.14	1.04	1.06	1.14	7
Ser-AGA	1.06	0.97	1.21	1.04	1.08	1.07	7
Pro-TGG	0.92	0.92	0.97	1.09	1.01	0.98	7
Pro-AGG	1.15	0.96	1.16	1.06	1.03	1.07	7
Leu-CAA	1.11	1.25	1.16	1.13	1.00	1.13	7
Gln-TTG	1.16	1.01	1.14	0.97	1.02	1.06	7
Arg-CCT	1.23	1.23	1.22	1.04	1.07	1.16	7
Ala-AGC	1.22	1.08	1.06	1.04	0.99	1.08	7
Tyr-GTA	1.23	1.04	1.13	1.05	1.08	1.11	6
Met-CAT	1.17	1.04	1.08	1.02	0.97	1.06	6
Lys-CTT	1.26	1.12	1.10	1.09	1.05	1.13	6
Glu-TTC	1.31	1.17	1.17	1.21	1.07	1.19	6
Cys-GCA	1.15	1.09	1.05	1.05	0.97	1.06	6
Asn-GTT	1.23	1.17	1.19	1.07	1.05	1.14	6
Arg-CCG	1.06	0.87	0.98	0.98	1.01	0.98	6
tRX-Und	1.12	1.10	1.10	1.20	1.23	1.15	5
tRX-Lys	1.13	1.11	1.07	1.18	1.02	1.10	5
Thr-AGT	1.20	1.16	1.11	1.08	1.02	1.11	5
Arg-ACG	1.04	1.09	1.08	0.95	1.06	1.05	5
tRX-Cys	1.20	1.13	1.17	1.18	1.06	1.15	4
Val-CAC	1.34	1.25	1.24	1.19	1.18	1.24	4
Leu-AAG	1.15	1.13	1.17	1.06	1.06	1.11	4
Gln-CTG	1.15	1.12	1.04	1.06	1.09	1.09	4
iMet-CAT	1.00	1.09	1.08	1.07	1.04	1.05	3
Val-AAC	0.94	0.95	0.97	1.02	0.98	0.97	3
Trp-CCA	1.00	1.02	1.02	1.09	1.02	1.03	3
Thr-CGT	1.02	1.12	1.05	1.05	1.06	1.06	3
Phe-GAA	1.18	1.13	1.08	1.17	1.16	1.14	3
anticodon	SQ326CT3	SQ66RA83	SQ8833G3	SQ276TY2	SQB2332M	mean	CV%
