Lys-TTT	841	402	402	699	694	3038	51.02	204.1	** p<0.01
Gly-TCC	264	272	250	489	475	1750	21.39	85.6	** p<0.01
Leu-CAG	329	457	297	534	588	2204	14.58	58.3	** p<0.01
Asp-GTC	422	488	397	634	777	2720	12.56	50.2	** p<0.01
Glu-CTC	357	437	322	532	600	2247	9.02	36.1	** p<0.01
Gly-GCC	411	487	392	603	690	2583	8.18	32.7	** p<0.01
Ile-GAT	10	6	22	17	17	72	3.71	14.8	** p<0.01
Ala-TGC	194	224	191	176	239	1024	3.60	14.4	** p<0.01
Asn-GTT	825	820	748	769	1037	4199	3.46	13.9	** p<0.01
tRX-Ile	44	38	60	60	79	281	2.63	10.5	* p<0.05
Ser-AGA	225	215	240	237	338	1256	2.39	9.5	* p<0.05
tRX-Glu	49	46	34	27	49	204	2.21	8.8	
Gly-CCC	312	274	249	261	349	1445	2.20	8.8	
Leu-TAA	95	132	104	109	149	589	2.05	8.2	
Ser-CGA	90	84	80	117	103	474	2.03	8.1	
tRX-Pro	46	24	31	31	41	173	1.97	7.9	
Thr-TGT	127	142	102	110	172	654	1.77	7.1	
tRX-Phe	48	44	49	35	53	229	1.75	7.0	
Ala-AGC	694	642	569	636	836	3377	1.75	7.0	
Leu-CAA	182	214	178	200	242	1016	1.48	5.9	
Cys-ACA	41	48	48	38	69	244	1.35	5.4	
Arg-TCG	105	120	118	143	163	649	1.34	5.4	
Leu-TAG	85	86	96	86	116	468	1.31	5.2	
tRX-Leu	66	76	61	56	85	343	1.30	5.2	
tRX-Ala	149	134	128	122	177	711	1.28	5.1	
tRX-Ser	40	35	22	28	38	164	1.25	5.0	
Tyr-GTA	389	343	336	359	505	1932	1.24	5.0	
Pro-TGG	143	148	141	182	230	846	1.19	4.8	
tRX-Val	73	91	81	97	131	473	1.15	4.6	
Ile-AAT	358	318	273	376	436	1761	1.13	4.5	
Ser-TGA	118	100	92	122	125	558	1.11	4.4	
Gln-CTG	454	462	384	448	637	2384	1.10	4.4	
Arg-CCT	148	155	138	135	191	766	1.07	4.3	
His-GTG	207	187	174	177	255	999	1.06	4.2	
Gln-TTG	180	164	164	161	234	902	1.05	4.2	
Pro-AGG	224	195	210	220	294	1143	1.04	4.2	
tRX-Met	38	42	27	31	53	191	1.02	4.1	
Cys-GCA	614	608	524	604	762	3112	0.98	3.9	
Arg-ACG	126	139	123	125	190	703	0.98	3.9	
Ile-TAT	138	129	120	120	160	666	0.96	3.9	
tRX-Trp	9	18	12	17	18	74	0.92	3.7	
Val-TAC	120	102	85	119	132	558	0.90	3.6	
Pro-GGG	28	15	21	22	32	118	0.90	3.6	
Leu-AAG	289	298	275	288	396	1546	0.89	3.6	
Ser-GCT	200	188	167	176	245	976	0.87	3.5	
Ala-CGC	108	86	84	90	124	492	0.86	3.4	
tRX-Asp	21	21	20	15	21	98	0.85	3.4	
tRX-Gln	69	62	54	52	78	314	0.83	3.3	
Lys-CTT	462	427	376	430	570	2264	0.82	3.3	
iMet-CAT	172	195	173	197	264	1001	0.80	3.2	
tRX-Asn	43	40	37	50	73	243	0.77	3.1	
Asn-ATT	40	46	41	37	52	216	0.74	3.0	
Pro-CGG	87	72	74	76	97	405	0.71	2.8	
Val-CAC	464	452	403	444	605	2368	0.70	2.8	
tRX-Tyr	25	16	23	25	34	124	0.65	2.6	
tRX-Gly	74	55	58	65	85	338	0.63	2.5	
Val-AAC	180	189	173	209	277	1028	0.62	2.5	
Phe-GAA	355	354	305	380	516	1911	0.62	2.5	
tRX-Und	82	84	75	94	133	468	0.61	2.5	
tRX-Arg	47	40	39	42	70	238	0.61	2.4	
Tyr-ATA	22	27	20	26	40	134	0.57	2.3	
Met-CAT	223	207	193	209	274	1106	0.53	2.1	
Glu-TTC	408	378	340	406	494	2026	0.52	2.1	
Thr-CGT	106	122	102	117	162	610	0.51	2.1	
Thr-AGT	211	213	184	204	266	1077	0.49	1.9	
Ser-ACT	19	16	14	14	26	88	0.44	1.8	
Arg-TCT	135	135	110	150	169	700	0.40	1.6	
Arg-CCG	73	63	64	73	103	376	0.35	1.4	
Trp-CCA	120	127	115	140	180	682	0.29	1.2	
Sup-TTA	16	20	17	20	21	94	0.26	1.0	
SeC-TCA	72	64	60	74	83	352	0.24	0.9	
tRX-Lys	122	124	107	136	162	650	0.11	0.4	
tRX-Cys	85	83	77	90	110	445	0.07	0.3	
anticodon	SQ326CT3	SQ66RA83	SQ8833G3	SQ276TY2	SQB2332M	Rtot	dispersion	chi2	flag
